sample_size,n_trials,pop_id,estimation_method,point_estimate,ci_method,ci_alpha,coverage_probability,true_beta,ev_beta,median_beta,bias,percent_bias,empirical_variance_beta,empirical_sd_beta,mse,mcse
25,1000,947900364_5.376,MLE probit,MLE,wald,0.95,NA,5.3759999999999994,70.20227723098165,49.806018754695614,64.82627723098165,1205.8459306358195,6135.735886263207,78.33093824449703,10338.182105891297,2.477041761106019
