sample_size,n_trials,pop_id,estimation_method,point_estimate,ci_method,ci_alpha,coverage_probability,true_beta,ev_beta,median_beta,bias,percent_bias,empirical_variance_beta,empirical_sd_beta,mse,mcse
25,1000,2081031682_4.743,MLE lpm,MLE,wald,0.95,NA,4.743,0.4023990113165856,0.3959167159680537,-4.3406009886834145,-91.51593904034185,0.003496537608765577,0.0591315280435537,18.8443134805682,0.001869903101437499
