sample_size,n_trials,pop_id,estimation_method,point_estimate,ci_method,ci_alpha,coverage_probability,true_beta,ev_beta,median_beta,bias,percent_bias,empirical_variance_beta,empirical_sd_beta,mse,mcse
25,1000,1928703996_5.065,MLE probit,MLE,wald,0.95,NA,5.0649999999999995,73.32381392396348,48.81159485381441,68.25881392396349,1347.6567408482429,16091.651365676402,126.85287291061405,20750.917043982674,4.011440061334134
