sample_size,n_trials,pop_id,estimation_method,point_estimate,ci_method,ci_alpha,coverage_probability,true_beta,ev_beta,median_beta,bias,percent_bias,empirical_variance_beta,empirical_sd_beta,mse,mcse
25,1000,813235442_4.323,MLE lpm,MLE,wald,0.95,NA,4.323,0.40350573512683235,0.39827659220372347,-3.919494264873168,-90.66607135954587,0.003505672297249015,0.059208718084831184,15.365940964670905,0.0018723440648686918
