sample_size,n_trials,pop_id,estimation_method,point_estimate,ci_method,ci_alpha,coverage_probability,true_beta,ev_beta,median_beta,bias,percent_bias,empirical_variance_beta,empirical_sd_beta,mse,mcse
25,1000,1910492159_4.999,Maximum Likelihood Estimation,MLE,wald,0.95,NA,4.9990000000000006,0.4044408152266247,0.40034782338039665,-4.5945591847733755,-91.90956560858923,0.0036634603142298807,0.06052652570757618,21.113633899239304,0.0019140168009267528
