sample_size,n_trials,pop_id,estimation_method,point_estimate,ci_method,ci_alpha,coverage_probability,true_beta,ev_beta,median_beta,bias,percent_bias,empirical_variance_beta,empirical_sd_beta,mse,mcse
25,1000,1631382838_5.581,MLE lpm,MLE,wald,0.95,NA,5.5809999999999995,0.4038364658300417,0.3972208472104548,-5.177163534169958,-92.7640841098362,0.0036646641427538714,0.06053646952667352,26.806686923681927,0.0019143312520966355
