sample_size,n_trials,pop_id,estimation_method,point_estimate,ci_method,ci_alpha,coverage_probability,true_beta,ev_beta,median_beta,bias,percent_bias,empirical_variance_beta,empirical_sd_beta,mse,mcse
25,1000,1497819352_4.692,MLE lpm,MLE,wald,0.95,NA,4.692,0.4022721131185976,0.39642805409626325,-4.289727886881402,-91.42642555160704,0.0035693307493515703,0.059743876249801285,18.40533467423733,0.0018892672519661082
