sample_size,n_trials,pop_id,estimation_method,point_estimate,ci_method,ci_alpha,coverage_probability,true_beta,ev_beta,median_beta,bias,percent_bias,empirical_variance_beta,empirical_sd_beta,mse,mcse
25,1000,1991017924_5.807,MLE lpm,MLE,wald,0.95,NA,5.807,0.40715096312590443,0.4021438691989069,-5.399849036874096,-92.98861782114854,0.003955671214191535,0.06289412702463987,29.162325292244297,0.00198888692845811
