sample_size,n_trials,pop_id,estimation_method,point_estimate,ci_method,ci_alpha,coverage_probability,true_beta,ev_beta,median_beta,bias,percent_bias,empirical_variance_beta,empirical_sd_beta,mse,mcse
25,1000,1103135698_4.901,MLE lpm,MLE,wald,0.95,NA,4.901,0.40399546768249733,0.39794843545767955,-4.4970045323175025,-91.75687680713125,0.0033986706914431323,0.05829811910725021,20.2264484343756,0.001843548396826927
