sample_size,n_trials,pop_id,estimation_method,point_estimate,ci_method,ci_alpha,coverage_probability,true_beta,ev_beta,median_beta,bias,percent_bias,empirical_variance_beta,empirical_sd_beta,mse,mcse
25,1000,1754225243_4.947,MLE lpm,MLE,wald,0.95,NA,4.947,0.40746766329377354,0.4009686536976155,-4.539532336706227,-91.7633381181772,0.0037473498908636538,0.06121560169485924,20.611101185892363,0.0019358072969341896
