sample_size,n_trials,pop_id,estimation_method,point_estimate,ci_method,ci_alpha,coverage_probability,true_beta,ev_beta,median_beta,bias,percent_bias,empirical_variance_beta,empirical_sd_beta,mse,mcse
25,1000,905789905_4.295,MLE lpm,MLE,wald,0.95,NA,4.295,0.402363806292495,0.3973606957271536,-3.8926361937075047,-90.63180893381852,0.0033232181654608748,0.057647360437932234,15.155939754727111,0.0018229696008054755
