sample_size,n_trials,pop_id,estimation_method,point_estimate,ci_method,ci_alpha,coverage_probability,true_beta,ev_beta,median_beta,bias,percent_bias,empirical_variance_beta,empirical_sd_beta,mse,mcse
25,1000,1631382838_5.581,MLE logit,MLE,wald,0.95,NA,5.5809999999999995,246.29567463837955,171.60839827846718,240.71467463837956,4313.11009923633,124701.00514857388,353.1302948609392,182644.55973483482,11.166960425674208
