sample_size,n_trials,pop_id,estimation_method,point_estimate,ci_method,ci_alpha,coverage_probability,true_beta,ev_beta,median_beta,bias,percent_bias,empirical_variance_beta,empirical_sd_beta,mse,mcse
25,1000,1898268017_5.887,MLE logit,MLE,wald,0.95,NA,5.8870000000000005,241.25401097947963,169.97603473357543,235.36701097947963,3998.0807028958657,53988.00039544434,232.35318029982793,109385.63025285883,7.347652713312215
