sample_size,n_trials,pop_id,estimation_method,point_estimate,ci_method,ci_alpha,coverage_probability,true_beta,ev_beta,median_beta,bias,percent_bias,empirical_variance_beta,empirical_sd_beta,mse,mcse
25,1000,1809214851_4.931,MLE lpm,MLE,wald,0.95,NA,4.931,0.4062940890410027,0.40148756524293283,-4.524705910958997,-91.76041190344752,0.003772612426225775,0.06142159576424057,20.47673619309351,0.001942321401371507
