sample_size,n_trials,pop_id,estimation_method,point_estimate,ci_method,ci_alpha,coverage_probability,true_beta,ev_beta,median_beta,bias,percent_bias,empirical_variance_beta,empirical_sd_beta,mse,mcse
25,1000,127733165_5.172,MLE logit,MLE,wald,0.95,NA,5.172000000000001,242.43725217592322,168.84226818089377,237.26525217592322,4587.495208351183,56407.277364997775,237.50216286383116,112702.07725510222,7.510477838659654
