sample_size,n_trials,pop_id,estimation_method,point_estimate,ci_method,ci_alpha,coverage_probability,true_beta,ev_beta,median_beta,bias,percent_bias,empirical_variance_beta,empirical_sd_beta,mse,mcse
25,1000,396844060_5.582,MLE lpm,MLE,wald,0.95,NA,5.582000000000001,0.4059536243433342,0.4002218549521559,-5.176046375656666,-92.7274520898722,0.0035906233324769833,0.05992181015687847,26.79504670628099,0.0018948940161594746
