sample_size,n_trials,pop_id,estimation_method,point_estimate,ci_method,ci_alpha,coverage_probability,true_beta,ev_beta,median_beta,bias,percent_bias,empirical_variance_beta,empirical_sd_beta,mse,mcse
25,1000,971755380_5.579,MLE logit,MLE,wald,0.95,NA,5.579000000000001,252.15063919938723,169.91060948566502,246.57163919938722,4419.638630567973,114515.45940249633,338.40132890178836,175313.03265996912,10.701189625574175
