sample_size,n_trials,pop_id,estimation_method,point_estimate,ci_method,ci_alpha,coverage_probability,true_beta,ev_beta,median_beta,bias,percent_bias,empirical_variance_beta,empirical_sd_beta,mse,mcse
25,1000,1515272734_5.919,MLE logit,MLE,wald,0.95,NA,5.9190000000000005,228.28056802651554,171.70334810525955,222.36156802651553,3756.7421528385794,34130.427866700506,184.7442228236123,83575.0948019112,5.8421252868027835
