sample_size,n_trials,pop_id,estimation_method,point_estimate,ci_method,ci_alpha,coverage_probability,true_beta,ev_beta,median_beta,bias,percent_bias,empirical_variance_beta,empirical_sd_beta,mse,mcse
25,1000,667057388_5.414,MLE lpm,MLE,wald,0.95,NA,5.414,0.4050497064344917,0.39876721387627134,-5.008950293565508,-92.51847605403599,0.003471747012259111,0.0589215326706554,25.09305479042225,0.0018632624646729489
