sample_size,n_trials,pop_id,estimation_method,point_estimate,ci_method,ci_alpha,coverage_probability,true_beta,ev_beta,median_beta,bias,percent_bias,empirical_variance_beta,empirical_sd_beta,mse,mcse
25,1000,836169130_5.174,MLE lpm,MLE,wald,0.95,NA,5.1739999999999995,0.40402572026589695,0.3971955807528088,-4.769974279734103,-92.19123076409167,0.003887279443075491,0.06234805083621693,22.756541908767947,0.0019716184831441125
