sample_size,n_trials,pop_id,estimation_method,point_estimate,ci_method,ci_alpha,coverage_probability,true_beta,ev_beta,median_beta,bias,percent_bias,empirical_variance_beta,empirical_sd_beta,mse,mcse
25,1000,396844060_5.582,MLE logit,MLE,wald,0.95,NA,5.582000000000001,249.7866960729892,170.58823144957614,244.2046960729892,4374.860194786621,128168.12818256953,358.00576557168677,187804.06176667055,11.32113634678823
