sample_size,n_trials,pop_id,estimation_method,point_estimate,ci_method,ci_alpha,coverage_probability,true_beta,ev_beta,median_beta,bias,percent_bias,empirical_variance_beta,empirical_sd_beta,mse,mcse
25,1000,947900364_5.376,MLE logit,MLE,wald,0.95,NA,5.3759999999999994,238.57994350564428,172.35421277774054,233.20394350564428,4337.870972947253,64296.5605826103,253.5676647023636,118680.63984919403,8.018513614293505
