sample_size,n_trials,pop_id,estimation_method,point_estimate,ci_method,ci_alpha,coverage_probability,true_beta,ev_beta,median_beta,bias,percent_bias,empirical_variance_beta,empirical_sd_beta,mse,mcse
25,1000,679822524_4.231,MLE lpm,MLE,wald,0.95,NA,4.231,0.4029529275026384,0.3971605008017196,-3.8280470724973616,-90.47617755843444,0.003379712544285902,0.0581352951681326,14.657324101799906,0.0018383994517748045
