sample_size,n_trials,pop_id,estimation_method,point_estimate,ci_method,ci_alpha,coverage_probability,true_beta,ev_beta,median_beta,bias,percent_bias,empirical_variance_beta,empirical_sd_beta,mse,mcse
25,1000,947900364_5.376,MLE lpm,MLE,wald,0.95,NA,5.3759999999999994,0.40081150349580985,0.39498880797181957,-4.97518849650419,-92.54442887842616,0.003411657582762249,0.058409396356769935,24.755912233330385,0.001847067292429339
